Domain,YearsOfExperience,Salary
education,18,113543
frontend,13,116087
fullstack,17,177182
healthcare,1,81675
business,3,104179
healthcare,18,167504
design,6,80302
backend,10,109529
frontend,4,88999
data,9,127843
education,18,99239
ml,14,203738
data,14,170179
fullstack,4,88631
ml,18,252638
ml,20,234636
backend,13,127701
education,2,60203
devops,2,111370
data,5,102826
business,6,128749
devops,0,89034
frontend,12,102482
ml,12,172245
ml,11,169814
education,11,106301
backend,12,127964
frontend,2,83880
frontend,17,127191
design,19,146101
frontend,10,124290
healthcare,2,89487
data,20,170959
devops,13,185563
business,17,155926
fullstack,2,94722
data,1,90334
business,8,137799
backend,18,143857
ml,8,174188
fullstack,4,98320
frontend,5,88265
business,11,138630
healthcare,2,91252
data,13,170239
frontend,5,86510
frontend,7,101396
design,11,103947
frontend,2,78218
devops,13,192798
fullstack,17,164361
healthcare,14,147142
fullstack,19,177922
ml,7,161875
backend,14,158045
design,2,81825
fullstack,6,94102
backend,15,132794
ml,1,107032
backend,1,89896
frontend,16,147631
devops,20,197753
healthcare,18,149665
ml,7,158145
devops,10,156160
ml,7,169486
data,4,91790
devops,6,114326
backend,9,128987
devops,11,142632
frontend,3,85539
healthcare,16,118999
frontend,11,100659
ml,13,213835
fullstack,11,129204
design,15,119364
frontend,15,133644
education,1,53861
frontend,0,68498
fullstack,17,163886
data,2,88028
ml,1,97403
frontend,8,109967
ml,16,187807
healthcare,2,90017
healthcare,8,100989
frontend,19,130920
backend,8,117187
data,20,198091
business,20,174254
fullstack,8,110310
ml,17,197695
design,18,132448
healthcare,10,131010
education,7,72421
education,4,67092
devops,6,133417
business,19,153265
education,0,61098
healthcare,16,143780
devops,12,159504
data,19,161834
backend,5,111621
education,13,86641
data,7,138685
frontend,18,156510
backend,11,120533
business,11,133563
ml,13,170308
data,2,82784
backend,0,80380
fullstack,8,125313
design,20,141106
healthcare,14,111840
healthcare,17,125724
data,18,207006
devops,15,182711
design,7,87418
backend,1,82645
backend,17,152028
education,10,77261
data,0,76487
fullstack,7,114214
fullstack,10,144197
data,5,113696
design,13,116550
education,14,91082
education,4,78453
backend,10,119907
healthcare,11,119264
data,14,153333
frontend,7,102020
business,3,91192
data,11,130733
backend,13,147150
frontend,17,120760
ml,4,145578
devops,2,105641
ml,0,104809
ml,4,112791
business,16,187099
business,5,111501
healthcare,1,69172
devops,16,199672
frontend,14,133268
frontend,4,85952
fullstack,0,76983
design,18,118118
education,4,64366
frontend,14,109071
fullstack,14,130384
education,9,99372
backend,5,105100
devops,19,180615
design,19,116221
devops,18,170935
data,20,217847
education,5,77656
data,14,173766
healthcare,17,162954
frontend,7,97665
frontend,9,118811
education,13,101614
fullstack,2,97107
devops,1,94288
healthcare,18,160534
design,3,72543
education,10,87695
fullstack,12,142865
business,13,165489
design,4,81123
healthcare,1,83216
healthcare,15,127491
business,11,120286
data,2,96526
healthcare,11,124059
data,10,140479
business,9,112406
education,13,96296
ml,11,154566
ml,14,204463
devops,6,107511
design,20,155054
design,0,60947
ml,5,115088
devops,19,184562
frontend,14,142472
backend,3,96607
frontend,1,78466
devops,9,161079
education,0,59202
data,9,152366
education,13,91335
design,18,134137
backend,17,155141
frontend,3,76065
fullstack,11,141149
backend,0,74921
frontend,10,125191
devops,3,91973
frontend,3,79395
devops,6,122056
design,4,79754
backend,2,83075
backend,14,124323
backend,16,135277
frontend,9,104630
education,9,75577
fullstack,0,89100
ml,9,154327
backend,14,138858
backend,6,102815
backend,5,104451
backend,18,171303
frontend,17,129555
frontend,4,94672
backend,19,181632
healthcare,15,140404
frontend,15,144915
frontend,0,66878
data,17,154589
ml,0,94195
ml,14,172865
healthcare,20,151295
backend,20,182114
design,13,121836
ml,15,182850
healthcare,3,78904
education,18,124390
frontend,1,67770
devops,10,143302
business,9,148869
data,10,142823
healthcare,4,100284
frontend,9,100201
data,16,178712
design,8,83326
fullstack,13,133937
healthcare,3,76465
backend,13,119141
frontend,0,70760
education,5,72679
data,15,191779
data,4,95894
fullstack,19,193030
devops,1,85080
business,8,142753
devops,4,122626
backend,15,124729
devops,15,174394
education,1,65164
education,12,103549
devops,16,172994
education,3,76516
frontend,18,157270
frontend,7,110661
design,20,141962
frontend,17,133683
frontend,10,123710
healthcare,13,110663
business,16,167930
healthcare,16,141925
ml,5,116698
design,11,115837
frontend,1,68886
backend,8,124943
backend,10,102736
data,16,186749
frontend,15,142195
design,18,134925
ml,14,201203
healthcare,7,103350
frontend,9,111850
ml,2,111081
backend,1,78608
fullstack,12,141372
data,7,120215
fullstack,18,171951
backend,2,81766
education,9,88029
fullstack,12,125607
backend,0,67373
fullstack,17,169821
fullstack,20,170359
ml,7,143227
business,7,127568
education,18,97989
backend,7,102144
fullstack,1,75154
backend,3,78072
education,18,115075
business,1,96243
design,19,143252
backend,18,159589
healthcare,12,129267
healthcare,14,135642
backend,17,169108
backend,10,103121
backend,10,116987
business,10,121059
education,19,128889
business,17,148158
frontend,6,83324
ml,7,168283
devops,16,189500
data,19,194406
devops,20,224785
design,18,122165
design,0,73340
education,18,117804
business,14,164551
devops,1,102578
fullstack,13,129502
design,6,89026
design,11,111939
ml,16,243099
education,0,56515
data,18,172810
fullstack,13,150882
backend,14,154787
backend,5,104838
design,15,103520
fullstack,12,140889
fullstack,2,98207
data,18,184647
data,13,168179
devops,5,119466
frontend,8,108020
design,15,108932
backend,6,94032
business,3,107046
frontend,10,102922
design,2,66150
devops,0,97800
devops,11,172999
business,3,88734
ml,1,94415
data,7,124656
business,19,168826
frontend,4,93723
devops,11,146951
healthcare,11,127001
frontend,15,113656
ml,0,109891
frontend,8,100189
ml,4,126455
data,15,147035
backend,10,120893
backend,0,73349
devops,2,106463
devops,2,107447
fullstack,17,142019
data,13,135356
healthcare,12,128295
devops,5,103101
healthcare,11,120080
devops,20,204021
business,7,105028
frontend,13,120418
business,6,119908
business,10,130235
education,5,79195
education,0,55527
healthcare,19,159296
devops,6,116571
frontend,5,87597
education,15,106945
data,10,139211
backend,1,76287
ml,11,151973
design,8,83069
devops,3,115421
fullstack,18,166321
design,3,77815
frontend,7,88709
business,15,160810
education,8,90337
backend,4,94414
fullstack,14,131586
frontend,17,126211
data,17,171477
devops,10,131962
backend,2,79237
ml,18,207665
healthcare,5,104751
fullstack,0,78421
data,7,110020
backend,8,108979
ml,12,184645
healthcare,7,90079
healthcare,8,117609
frontend,14,133512
backend,19,180671
healthcare,8,115162
ml,10,174167
data,11,133853
healthcare,6,89345
design,12,99672
backend,1,68083
devops,1,82102
healthcare,8,91323
devops,9,134038
devops,15,189008
ml,5,121874
design,6,83982
devops,12,139363
healthcare,19,142464
education,4,79659
healthcare,8,111328
frontend,2,78564
backend,9,98254
devops,9,165291
backend,9,102102
ml,6,132417
business,3,98868
design,11,109284
design,17,130248
ml,12,200647
business,15,158608
design,7,91046
education,6,80819
backend,15,145849
business,15,177499
backend,4,80942
devops,4,108948
backend,2,81843
devops,0,95978
backend,10,136879
business,15,149320
design,10,101089
fullstack,10,146059
education,20,128632
ml,12,196998
ml,11,190627
data,6,126831
frontend,2,78165
data,14,164463
frontend,18,133683
education,5,69170
devops,0,90729
frontend,7,107647
business,10,148424
design,7,81394
data,8,124659
education,4,67341
data,11,147032
fullstack,2,80582
business,3,110186
data,19,203306
ml,8,165593
business,18,149081
healthcare,20,172548
backend,15,127486
data,5,120868
education,10,96842
data,17,194174
business,0,87916
data,15,170012
education,18,108402
devops,7,146596
business,12,144081
frontend,10,94654
business,13,145004
devops,10,136439
fullstack,8,134553
backend,8,108232
frontend,16,138791
data,3,98096
ml,0,97252
healthcare,13,144773
ml,2,111312
fullstack,16,166494
frontend,4,81969
education,18,106533
design,13,101925
backend,14,133415
design,9,100625
design,11,117452
fullstack,11,136704
education,17,104812
fullstack,10,122376
fullstack,2,96907
data,2,96532
backend,16,140797
devops,5,113392
data,9,122248
business,15,138507
data,2,99764
frontend,9,115208
frontend,0,80309
education,0,55047
healthcare,20,170549
healthcare,14,130830
fullstack,14,131766
backend,10,131174
data,1,93703
business,18,165540
education,9,74702
fullstack,8,135829
business,6,123293
business,12,157065
ml,2,110327
backend,4,92012
data,8,147774
healthcare,1,68213
backend,0,72858
design,18,118022
fullstack,2,94941
ml,17,248298
devops,4,117122
fullstack,19,200632
devops,8,138218
fullstack,0,87446
design,12,120321
healthcare,1,83465
backend,18,165817
ml,20,231896
education,6,86258
healthcare,17,147119
healthcare,5,81183
frontend,7,108796
fullstack,12,159012
frontend,5,79111
business,7,111553
ml,1,93096
education,19,109628
frontend,15,120569
fullstack,10,139220
devops,13,159562
backend,3,87941
backend,19,144722
ml,17,189308
healthcare,9,95560
education,19,134547
ml,8,151237
devops,8,155189
education,4,63304
fullstack,14,171046
design,13,100121
backend,7,110322
backend,16,152877
business,18,158523
data,12,161958
fullstack,12,134664
data,4,117438
frontend,11,116878
education,6,84091
education,13,95049
devops,7,124115
education,1,65659
data,13,164050
education,4,65090
frontend,5,81222
devops,4,108683
education,2,57133
education,0,68515
design,15,132904
design,3,77265
design,9,83354
ml,19,251171
data,12,161137
data,19,197211
fullstack,17,152502
healthcare,11,121283
backend,17,146228
fullstack,12,135037
devops,12,145171
data,18,174123
devops,2,109212
data,7,122521
fullstack,4,109358
backend,2,85995
healthcare,13,129056
frontend,6,93463
business,11,155268
healthcare,10,119132
ml,17,187010
design,8,82194
data,17,154164
healthcare,11,123159
frontend,13,114880
healthcare,13,133028
devops,9,154953
education,17,121528
business,20,176346
design,4,83408
data,9,148364
backend,17,153301
fullstack,7,127637
frontend,1,66467
design,17,114698
ml,2,119733
backend,6,108899
ml,16,191605
devops,13,147712
devops,12,170826
data,19,196797
business,0,90586
ml,19,222461
data,15,182979
backend,3,83817
backend,3,98343
frontend,17,126493
healthcare,8,117416
education,14,99349
backend,2,71996
fullstack,0,81205
business,18,178023
education,3,77003
backend,5,90211
backend,15,161457
data,17,183140
backend,0,79609
fullstack,14,143507
education,2,69925
business,13,146812
data,17,173994
ml,15,191439
education,19,127539
design,16,111177
frontend,20,136300
education,8,81589
fullstack,6,123975
devops,5,110494
data,3,91403
ml,16,211834
data,7,141215
backend,17,153100
devops,3,112266
education,3,59330
business,6,107332
business,14,172356
devops,20,239468
ml,4,144104
business,15,181510
business,8,143068
backend,19,175355
business,11,120192
fullstack,3,91097
backend,10,107488
healthcare,17,127603
ml,16,221140
education,8,80069
frontend,14,112173
frontend,14,117342
education,4,82572
ml,6,159428
design,9,96656
design,7,79561
ml,1,109765
business,8,116565
fullstack,8,112625
education,9,83477
backend,14,123253
education,12,93564
fullstack,18,188742
devops,9,138286
data,9,148371
fullstack,20,167753
fullstack,2,97955
data,13,171293
backend,18,162909
devops,20,221081
ml,13,180326
education,10,90024
data,9,132958
backend,1,81255
healthcare,8,103385
design,19,141443
devops,15,160927
healthcare,19,168653
ml,1,108357
healthcare,16,130478
healthcare,8,97415
business,16,164365
ml,18,237657
design,6,81130
devops,20,232725
healthcare,19,139030
design,19,124708
education,19,110960
fullstack,12,131919
healthcare,10,110804
devops,6,140041
devops,9,123802
fullstack,20,166617
frontend,4,82010
healthcare,15,130781
healthcare,14,124374
business,16,152503
fullstack,12,133840
fullstack,8,105414
backend,7,92668
data,20,165762
business,1,92783
data,1,88623
devops,16,165750
ml,7,134090
business,8,119752
ml,15,223972
business,7,137155
data,3,90511
design,11,102190
design,3,77328
business,2,94108
fullstack,12,124404
data,4,103805
frontend,15,116819
business,14,154172
fullstack,15,167309
backend,6,103116
design,20,118957
data,18,204221
data,0,93746
design,6,74834
design,0,74411
frontend,7,96128
education,3,70523
education,15,108390
design,13,124840
devops,17,166576
healthcare,1,88740
education,5,85619
business,6,112825
design,2,61739
devops,0,77839
ml,18,208069
backend,15,135027
devops,7,133380
fullstack,7,128876
business,10,152342
ml,11,159920
healthcare,13,133139
healthcare,8,95375
backend,7,108224
backend,8,126903
frontend,10,110747
frontend,7,111397
healthcare,12,120506
backend,20,170498
ml,14,177008
frontend,13,124703
design,19,131621
backend,2,78573
frontend,18,136860
data,6,115835
fullstack,5,90033
fullstack,15,156515
business,16,183878
data,0,81370
education,18,117045
education,5,77226
healthcare,15,120736
education,2,65208
education,20,116527
fullstack,14,145116
devops,11,134950
business,10,136318
design,14,109948
backend,4,89412
education,8,95367
design,3,67582
devops,13,156359
education,2,63317
ml,13,214405
education,3,75344
devops,0,86748
education,15,116422
devops,10,168410
ml,9,186584
devops,5,127967
ml,4,111112
education,16,106358
fullstack,3,96726
backend,10,132642
data,18,169912
fullstack,4,107346
design,1,71070
design,8,97091
ml,1,107244
healthcare,5,95345
ml,1,104718
design,8,101810
ml,11,161769
frontend,10,125170
business,19,201572
design,2,63052
devops,16,196807
fullstack,1,85188
healthcare,20,144962
education,2,74368
devops,1,94912
fullstack,20,180835
ml,19,247960
design,13,101728
education,0,67138
frontend,1,82045
data,19,189110
ml,11,182514
healthcare,13,119531
devops,16,163262
education,11,91095
ml,12,191733
fullstack,7,124975
backend,6,103492
data,3,102972
frontend,6,86818
backend,5,83590
frontend,5,90641
data,11,152228
data,20,188712
data,1,102386
education,17,113414
frontend,6,98996
healthcare,6,102071
devops,0,96120
ml,1,98747
education,1,54270
backend,14,146589
data,8,129062
frontend,7,94581
data,6,104798
business,7,103036
devops,12,145055
frontend,16,129302
fullstack,2,102535
design,6,93506
fullstack,9,125850
fullstack,17,162379
ml,6,127621
design,18,143282
healthcare,15,152502
healthcare,2,90472
ml,1,95727
devops,18,213089
business,18,179604
data,6,103133
business,8,137680
healthcare,7,100907
ml,17,193482
ml,20,219215
ml,2,125073
healthcare,11,120998
data,3,114962
data,20,221828
backend,17,161376
frontend,13,130760
devops,8,140921
design,9,92730
healthcare,17,124422
backend,7,106695
business,7,105989
design,4,88987
healthcare,19,160827
fullstack,12,147216
ml,13,170467
ml,20,267947
data,7,128870
devops,1,92141
data,2,85211
fullstack,9,139614
frontend,9,96995
fullstack,1,77885
design,2,77535
devops,15,155130
backend,7,119833
devops,17,167747
frontend,4,94653
business,13,134828
data,14,145518
healthcare,11,121845
ml,16,239612
frontend,1,69582
devops,17,200510
data,15,158365
ml,18,247936
design,0,65350
frontend,3,86702
healthcare,10,109034
healthcare,18,126974
devops,8,137790
business,12,135292
backend,14,149525
healthcare,17,152684
education,20,105755
design,13,104381
data,16,152710
devops,1,108035
frontend,1,67017
backend,14,141636
backend,10,116622
design,16,108461
backend,20,158948
data,5,121433
data,17,168896
education,9,97044
frontend,5,92582
frontend,6,88958
devops,20,196351
devops,0,95731
healthcare,15,128318
business,4,90194
backend,18,137094
data,7,128291
fullstack,2,97457
devops,5,121698
design,18,128017
backend,7,121778
devops,15,192463
data,13,138487
frontend,4,93500
fullstack,2,100986
frontend,18,157717
frontend,12,131779
ml,7,145823
backend,17,152995
ml,3,129430
data,19,193459
devops,20,238111
devops,5,103624
fullstack,18,192241
healthcare,3,95638
data,4,96942
healthcare,17,162044
ml,6,147103
business,9,131604
data,9,126145
fullstack,15,145901
frontend,14,126271
design,8,94636
education,5,68058
education,18,105678
healthcare,16,142977
healthcare,9,98178
frontend,19,144042
design,0,65936
fullstack,3,103228
data,20,191072
devops,15,194428
healthcare,14,113191
design,17,128537
devops,2,100621
fullstack,5,91389
business,12,144824
devops,5,117979
fullstack,17,151963
ml,15,223963
frontend,20,132796
fullstack,7,120785
fullstack,17,187919
data,5,97488
healthcare,2,75752
design,15,128412
design,19,115819
ml,5,118691
devops,0,80357
fullstack,7,110833
frontend,20,143228
design,14,99808
data,20,197910
education,4,63528
design,13,107813
healthcare,13,110516
ml,9,171101
data,0,73218
business,18,148850
business,14,175734
ml,5,136208
healthcare,3,88675
fullstack,6,109778
education,12,82247
design,12,105340
business,7,136653
backend,16,128246
healthcare,20,158816
devops,2,86717
frontend,10,112968
healthcare,1,76442
healthcare,6,97017
data,16,181913
devops,18,208395
backend,17,166810
devops,10,154494
data,20,184477
ml,1,104135
education,9,81661
frontend,0,62322
healthcare,0,67454
business,19,203760
frontend,5,85890
data,16,197674
design,17,112679
ml,19,230230
fullstack,8,115958
education,0,52376
frontend,19,130284
backend,6,116789
healthcare,7,108339
healthcare,7,100206
ml,18,243219
education,0,54651
frontend,11,130946
business,14,148827
data,12,166137
design,20,140085
healthcare,17,124700
devops,5,122413
ml,5,145159
fullstack,0,88294
ml,11,154393
business,0,82869
frontend,0,80027
design,2,73816
design,16,123858
backend,9,117440
fullstack,10,127544
design,2,74909
backend,8,96189
business,1,101224
education,17,96825
design,6,90883
ml,12,181535
data,19,163968
education,4,65787
design,8,98989
design,14,127028
business,14,164893
frontend,9,105842
design,6,94012
data,13,146614
education,13,102612
fullstack,10,131179
education,18,106009
backend,3,98368
education,15,116989
healthcare,4,93324
business,16,154671
devops,3,108958
backend,10,115248
frontend,18,146585
fullstack,8,136418
devops,19,181050
devops,18,178117
backend,1,84758
business,0,80689
education,5,66354
frontend,5,100609
frontend,13,126203
business,5,96269
ml,4,129740
design,15,131931
devops,18,218875
frontend,13,123433
education,16,104358
business,8,108955
education,0,59394
ml,19,264132
frontend,5,99377
ml,0,85135
frontend,18,151461
devops,12,178287
frontend,15,147893
business,18,158337
frontend,19,159131
business,19,159129
backend,6,110951
design,2,68668
education,9,79037
ml,15,179062
business,6,107779
devops,6,116661
design,17,128063
fullstack,9,126949
business,5,106800
devops,20,213216
data,4,110172
business,16,174763
fullstack,1,86264
data,13,177577
frontend,9,103135
frontend,8,93176
healthcare,3,90405
business,10,128094
fullstack,17,186384
ml,8,145583
design,18,137274
ml,0,88845
business,20,190381
backend,8,106855
design,19,134588
backend,12,131058
education,2,59334
business,5,105180
fullstack,1,83821
backend,12,135728
data,9,131788
frontend,13,136365
ml,1,105488
fullstack,9,113657
education,19,119607
education,17,124132
education,5,68655
fullstack,13,125822
fullstack,12,147367
data,13,174810
business,11,157373
design,1,75396
healthcare,6,105866
devops,8,147482
ml,16,208706
fullstack,10,120899
healthcare,7,88470
healthcare,17,158374
fullstack,5,101886
backend,1,79568
business,2,90256
frontend,3,88976
data,2,95708
data,6,117113
business,7,102447
backend,5,99740
ml,8,173975
backend,3,97892
devops,6,109193
design,0,69823
design,12,120406
frontend,15,141656
ml,1,94632
business,9,119110
data,4,113625
design,18,117488
education,19,113141
frontend,5,100334
fullstack,19,159543
backend,20,140781
healthcare,9,119236
devops,1,106209
healthcare,10,110213
education,5,74192
frontend,1,63986
ml,6,144927
data,10,152297
backend,9,132680
ml,2,123856
design,13,121597
healthcare,13,108807
design,17,112363
ml,18,231495
fullstack,17,172566
education,12,106914
frontend,19,128314
healthcare,3,80082
education,13,112691
devops,11,148183
design,11,91378
education,18,100516
education,9,98660
ml,18,206148
data,1,89708
design,5,70447
devops,17,168379
frontend,10,122007
frontend,10,115938
design,12,121957
devops,16,158646
design,2,65727
fullstack,11,136210
fullstack,6,99703
data,18,206048
business,6,124480
business,5,100704
data,9,147644
backend,3,79597
business,16,164544
business,14,142329
devops,18,205289
data,19,170174
devops,2,88795
ml,3,105666
design,14,130628
education,5,66035
data,11,158594
data,4,114534
backend,12,137983
design,0,64317
education,9,84483
ml,1,120087
education,19,112008
data,8,112859
devops,9,129693
design,18,134970
fullstack,17,155061
data,3,91394
data,3,105905
healthcare,0,80548
healthcare,11,129173
frontend,3,71308
ml,15,195786
frontend,10,115405
ml,6,143710
frontend,14,134262
fullstack,19,150951
ml,19,254476
design,15,99995
devops,20,192297
backend,16,136017
education,15,112457
backend,9,101743
frontend,2,73462
design,3,77734
education,0,55842
business,14,162107
education,17,120026
devops,4,108631
education,8,83807
devops,2,98195
devops,16,213256
devops,4,126194
design,18,122599
data,1,102357
business,3,102175
backend,12,126424
healthcare,16,155410
frontend,16,134210
business,15,139688
healthcare,6,88393
education,17,96612
education,4,64457
business,5,114980
design,6,94048
business,20,196096
design,3,73563
healthcare,18,144798
healthcare,17,163088
fullstack,15,149203
business,6,130002
data,8,119617
ml,4,128577
backend,20,152042
devops,16,212934
data,14,139818
fullstack,16,153262
data,10,154621
healthcare,16,151734
backend,11,127409
fullstack,19,172938
fullstack,17,187994
education,1,71302
healthcare,4,94070
education,16,102402
data,7,111178
backend,10,107113
frontend,0,75541
data,19,189139
frontend,7,101149
education,16,112404
backend,11,133941
education,2,68634
data,4,119939
fullstack,6,122548
design,0,70770
data,10,137639
frontend,7,93215
frontend,20,157139
fullstack,13,153577
healthcare,1,80097
ml,1,120980
backend,16,159444
fullstack,3,83574
devops,10,147001
ml,13,208745
frontend,15,122755
fullstack,11,119310
healthcare,6,95038
devops,19,227272
ml,19,217392
frontend,16,126582
frontend,4,85548
healthcare,6,90920
data,17,190876
design,14,99405
fullstack,3,106288
devops,11,162810
fullstack,5,89618
design,2,67754
ml,8,143331
data,1,92703
ml,19,211774
fullstack,6,102541
healthcare,18,162413
data,18,176814
healthcare,15,146320
fullstack,4,86953
devops,7,129868
design,0,60612
fullstack,19,161067
fullstack,6,111819
healthcare,2,83681
design,1,64642
business,2,100932
frontend,1,74308
ml,5,117072
backend,16,159379
backend,16,152934
frontend,13,138509
backend,0,66229
data,3,96674
education,18,100124
devops,11,166866
frontend,3,84150
business,20,188715
business,6,106073
ml,11,172162
ml,14,198028
business,17,194469
frontend,12,111786
devops,18,222188
frontend,8,113919
devops,2,91538
devops,1,98940
design,13,97430
ml,18,207334
ml,3,119403
business,3,108308
business,1,82218
frontend,15,137775
devops,12,181149
fullstack,10,139056
design,11,101660
design,16,130942
data,4,122298
healthcare,14,144991
education,2,71037
ml,1,114882
design,14,125515
data,3,105810
devops,16,171456
healthcare,13,115786
ml,3,129551
frontend,10,113971
education,20,104600
business,20,200875
education,1,63324
frontend,14,120526
education,17,105331
fullstack,11,139362
backend,7,105097
design,15,121923
devops,3,117068
backend,11,120391
fullstack,11,141963
education,12,89815
healthcare,13,124016
healthcare,8,91525
design,12,115888
backend,1,84071
business,1,92490
frontend,14,139855
design,1,78320
devops,16,212448
fullstack,1,94769
ml,20,248234
ml,14,209585
design,17,141514
devops,11,178348
devops,11,150831
frontend,5,89557
business,2,83313
healthcare,19,141837
ml,13,175344
design,17,134338
fullstack,7,123943
healthcare,1,67343
healthcare,0,73547
frontend,10,119162
data,10,139503
backend,10,106130
healthcare,9,125428
education,1,63600
ml,2,97202
fullstack,11,126905
business,8,137423
frontend,18,133572
business,5,106012
fullstack,14,168105
fullstack,5,94628
business,5,105306
data,10,134957
fullstack,8,129730
devops,8,137370
healthcare,11,126491
backend,13,137338
fullstack,18,172314
healthcare,3,89553
frontend,0,74030
business,18,196759
frontend,9,119372
devops,2,116332
design,7,97658
design,10,89624
frontend,17,131948
ml,5,142653
education,3,66583
education,20,125693
devops,14,171205
business,11,152386
design,7,82169
healthcare,10,100470
healthcare,12,122223
data,16,157948
devops,15,195089
design,12,120558
fullstack,18,190318
backend,5,86336
frontend,15,142198
backend,8,111971
business,3,105268
data,5,121898
education,14,102821
data,0,79791
healthcare,1,86811
ml,13,208891
devops,12,141120
fullstack,4,94399
frontend,6,89197
design,11,106707
business,17,182681
healthcare,20,156049
ml,0,86226
backend,2,83454
healthcare,2,89581
business,9,130771
backend,17,166963
healthcare,6,112588
fullstack,12,150097
ml,11,172685
business,0,75934
business,19,190122
fullstack,6,108879
design,4,88628
design,16,103835
business,15,173974
business,15,143129
education,8,93958
design,18,125031
devops,17,200133
business,11,151226
design,3,72476
fullstack,6,119382
fullstack,14,130395
fullstack,16,150306
ml,8,154231
data,18,167368
design,2,79537
ml,1,92322
frontend,16,133790
frontend,13,119365
devops,15,167070
devops,7,117738
design,8,85240
data,15,148481
ml,4,127472
devops,12,171795
data,6,125275
backend,14,123779
design,1,78117
fullstack,19,174751
ml,0,88917
fullstack,16,168368
ml,12,172113
healthcare,15,119675
education,11,86732
fullstack,0,71777
design,13,118949
data,18,181434
backend,10,113977
data,13,150429
fullstack,15,176702
data,3,94093
business,6,109926
healthcare,20,151070
devops,5,120802
ml,7,163599
fullstack,20,165368
backend,3,84062
education,7,82569
healthcare,19,166555
business,2,108087
devops,6,141574
ml,18,256372
frontend,1,65221
business,5,102547
devops,18,190282
ml,12,189917
data,0,96676
backend,5,90817
design,4,75799
healthcare,10,128317
ml,3,113456
business,1,91897
design,7,94613
business,15,179076
data,19,201464
frontend,20,130422
data,14,160868
fullstack,8,110234
design,20,129796
frontend,0,65491
backend,4,104986
education,13,90374
data,5,112821
frontend,3,79649
frontend,6,84304
design,15,117245
healthcare,16,148572
backend,7,92452
education,11,88987
devops,10,132946
education,2,74811
frontend,4,75684
design,9,93497
education,2,72309
business,19,196073
business,0,82661
education,8,87661
devops,12,166114
fullstack,9,135544
ml,7,138296
design,11,112006
healthcare,20,166541
data,20,175063
devops,18,200492
healthcare,15,130388
healthcare,14,121333
data,2,109646
business,19,165449
fullstack,18,175765
fullstack,9,135715
backend,7,107716
devops,3,95706
ml,5,135301
frontend,20,169251
data,16,189900
fullstack,2,78735
ml,13,166368
devops,16,210094
frontend,8,94574
data,14,141847
fullstack,14,127924
design,1,72555
ml,15,192003
frontend,12,117018
devops,1,109114
frontend,1,68196
fullstack,13,160231
backend,10,120688
education,17,113596
devops,13,180340
business,9,133169
ml,17,240638
backend,2,72895
business,5,124925
frontend,12,115634
backend,4,87405
data,5,125242
fullstack,20,191268
backend,15,121156
ml,10,193897
backend,16,136597
data,4,111410
business,19,167500
frontend,15,148670
backend,9,98339
devops,8,126769
fullstack,14,152885
design,8,86319
business,19,201372
data,4,96871
backend,10,107820
design,4,78337
education,12,99122
healthcare,3,83525
fullstack,19,190884
business,13,151489
business,4,105076
business,15,139642
design,10,106951
healthcare,5,83466
education,5,64204
fullstack,17,144582
fullstack,13,150238
healthcare,9,111629
fullstack,3,87374
design,6,87706
education,18,112903
devops,18,202810
data,3,93398
devops,14,186827
education,5,73284
data,6,113917
frontend,8,108729
frontend,12,116109
fullstack,18,152494
ml,19,254384
ml,10,184047
education,19,125925
design,4,83211
ml,12,205860
frontend,11,114510
education,18,97208
ml,6,130413
business,20,198780
ml,5,139090
design,7,99147
data,2,84588
frontend,12,114926
healthcare,16,153060
backend,1,89572
backend,8,122856
fullstack,3,82765
ml,0,110885
ml,2,124756
healthcare,2,94099
design,7,91122
design,5,73053
frontend,4,87762
education,13,111921
frontend,20,146993
business,0,97161
design,10,105917
backend,12,145838
ml,2,112897
healthcare,4,81869
fullstack,9,106744
healthcare,1,89956
business,9,111709
healthcare,6,102979
ml,10,156536
ml,4,145214
design,4,80056
ml,20,232412
fullstack,8,107776
data,14,145238
frontend,5,102032
design,18,131319
business,1,90421
frontend,1,83776
ml,16,210787
healthcare,8,104974
business,19,166677
devops,1,92256
devops,7,150672
frontend,5,91458
data,4,95047
backend,1,68122
backend,8,100175
business,9,115067
frontend,15,139055
healthcare,11,104538
fullstack,14,148519
healthcare,2,77897
education,12,83585
design,15,115503
ml,14,171740
healthcare,0,69216
business,15,178097
devops,2,111374
education,2,57173
data,1,79247
backend,10,123958
design,18,133517
frontend,15,140230
backend,7,106592
frontend,16,128613
fullstack,10,142551
data,4,117324
backend,4,80801
frontend,6,100237
ml,16,192709
business,1,97935
backend,13,132780
data,5,116286
frontend,3,75282
business,3,92388
healthcare,16,142607
data,2,86918
frontend,8,93997
frontend,14,110020
backend,7,111436
ml,16,186684
business,14,132204
fullstack,19,195023
design,20,120335
ml,13,208344
backend,2,89695
data,16,155131
devops,10,127739
business,11,130338
backend,12,124704
business,19,172919
frontend,19,161087
healthcare,14,120013
frontend,19,128812
data,1,88208
fullstack,7,111215
healthcare,9,109522
fullstack,20,195320
frontend,12,110049
healthcare,12,105483
ml,9,184924
data,14,164486
fullstack,13,154018
frontend,8,103892
data,18,200590
healthcare,4,87817
fullstack,0,76275
data,13,145213
backend,8,97651
design,1,70956
healthcare,6,89547
backend,18,173000
frontend,0,74280
backend,9,106522
devops,5,105562
fullstack,17,157189
healthcare,1,75840
ml,4,128567
devops,14,184762
backend,16,135502
frontend,7,106668
ml,14,224325
ml,3,117763
business,4,118542
devops,15,192459
business,5,108394
devops,5,135812
business,16,155730
fullstack,14,153402
healthcare,13,129527
design,5,75394
backend,12,114468
devops,14,159641
devops,18,217072
fullstack,11,126553
healthcare,12,110000
backend,3,78048
fullstack,16,170741
data,6,125944
business,12,144451
education,20,133995
data,10,133284
frontend,9,120388
ml,1,93347
healthcare,17,138712
education,16,97353
business,10,150029
fullstack,4,113290
healthcare,11,133300
frontend,8,97221
healthcare,14,119411
business,20,177308
business,12,160538
devops,12,166243
education,9,88424
ml,11,167036
frontend,20,139680
data,8,112961
backend,4,100160
healthcare,5,100996
education,6,84469
frontend,17,131019
education,8,91605
healthcare,14,123039
business,14,152225
devops,18,188448
devops,5,115945
healthcare,13,110243
business,0,82809
data,11,136574
business,10,135005
healthcare,8,116398
ml,16,181797
healthcare,19,156230
frontend,12,126199
ml,10,190828
healthcare,5,107708
fullstack,19,194988
data,3,93525
design,17,138699
education,11,98195
ml,20,235111
fullstack,4,94449
ml,8,136697
business,20,203696
ml,4,116671
data,10,119622
fullstack,11,119593
education,1,63426
data,18,189451
backend,16,149613
frontend,5,86221
business,8,139639
data,17,180114
devops,0,100180
education,2,69969
business,16,185592
healthcare,6,89730
devops,17,186409
backend,6,112111
frontend,15,122833
healthcare,2,84301
education,13,100178
data,18,194857
education,10,86173
backend,18,173149
ml,2,99711
frontend,5,100334
ml,15,218469
business,3,90185
design,15,114678
devops,4,118487
healthcare,15,151785
business,7,129724
ml,1,114757
data,18,201189
data,15,156300
business,2,93920
fullstack,11,124681
education,5,84852
data,2,88007
design,9,84544
backend,10,105617
ml,19,213011
fullstack,10,145695
education,16,102598
fullstack,3,84064
design,2,63866
business,14,177077
design,12,101649
fullstack,8,116508
healthcare,19,134899
design,10,110237
ml,15,190327
fullstack,14,148341
design,20,122556
fullstack,18,177074
backend,3,75983
healthcare,19,162047
education,13,93907
design,11,110758
design,11,96467
frontend,6,92220
design,1,66168
backend,20,187221
design,11,109762
backend,17,132335
frontend,8,93847
business,10,152670
devops,20,198000
data,16,173369
education,9,95781
business,13,131063
education,9,91596
frontend,4,87587
business,7,134867
data,5,112935
backend,1,76279
frontend,18,137504
ml,2,122070
healthcare,18,156391
ml,3,107691
ml,3,121384
devops,16,172492
frontend,3,80216
devops,13,171746
backend,17,149837
design,9,84056
design,18,134236
design,17,118043
data,19,194771
design,1,70868
education,9,75047
backend,4,102759
devops,4,108907
education,17,99318
business,10,137956
backend,11,140673
ml,2,121051
design,0,74090
frontend,20,162458
business,10,147511
fullstack,17,149403
data,13,176907
design,14,104554
data,11,125719
data,17,191342
devops,7,113291
data,20,205953
data,11,129068
fullstack,7,126243
backend,17,145867
business,17,188789
data,19,175162
ml,13,204962
ml,10,167245
design,7,92345
fullstack,5,109237
healthcare,1,77075
devops,12,178025
data,9,142468
business,12,127303
frontend,20,160440
backend,11,129047
devops,9,154965
education,5,76542
business,10,140629
frontend,5,79431
frontend,13,117967
fullstack,17,168680
devops,9,136780
design,5,91768
healthcare,1,67512
devops,3,123631
devops,20,240224
healthcare,11,107811
business,11,119602
design,0,65504
fullstack,5,120209
data,9,151757
design,13,95605
healthcare,11,121504
healthcare,18,159409
business,20,198056
business,17,149076
education,1,53988
data,19,193680
data,17,197804
education,14,108043
backend,16,147626
healthcare,19,144456
frontend,12,100943
education,20,113713
ml,14,203895
data,16,177936
design,19,136610
backend,0,68039
data,11,166349
healthcare,19,168403
ml,14,226055
education,11,90692
backend,3,90527
fullstack,12,131678
design,4,67536
backend,13,119465
frontend,17,149223
design,10,87036
healthcare,14,150398
healthcare,8,118517
data,18,190699
frontend,13,135839
backend,2,77662
healthcare,2,81027
devops,4,108187
devops,16,161333
fullstack,10,136375
design,0,64495
ml,6,161019
backend,8,104345
devops,16,192837
business,6,119325
frontend,20,170573
healthcare,4,81883
backend,19,183643
education,18,111134
healthcare,19,136848
ml,19,264273
business,4,91019
healthcare,10,99967
ml,8,173044
healthcare,5,104701
fullstack,18,193378
healthcare,19,150457
business,7,102919
fullstack,20,180238
design,11,100803
frontend,4,95494
healthcare,1,81859
healthcare,1,75336
ml,2,120663
ml,1,109662
design,16,137123
healthcare,7,114953
healthcare,19,146560
frontend,10,101400
frontend,10,121724
business,5,95396
fullstack,8,123040
data,20,187657
data,9,141014
education,9,84913
data,6,128253
healthcare,7,110039
healthcare,13,144921
business,7,104685
healthcare,2,79990
business,17,194868
fullstack,0,79757
frontend,18,149276
fullstack,3,86064
data,9,127328
devops,1,93229
backend,17,165410
devops,14,171892
business,13,153718
ml,12,186914
backend,14,139421
frontend,14,115184
backend,1,89042
ml,15,225660
fullstack,0,80060
backend,20,155587
ml,1,95236
healthcare,8,122459
frontend,3,70470
backend,3,98527
design,15,132960
design,17,127468
devops,15,166004
frontend,16,150989
devops,16,179782
devops,0,84223
backend,1,72732
education,5,85849
education,9,80372
frontend,20,142272
backend,2,84125
frontend,4,82207
design,8,94971
devops,0,99269
design,10,97848
ml,15,221849
business,4,99231
backend,4,92382
healthcare,18,161494
design,2,78292
frontend,14,134547
education,10,101376
business,15,149636
design,1,71270
devops,13,159694
fullstack,16,154414
healthcare,3,76656
backend,4,98569
healthcare,17,132744
devops,20,195581
business,12,135499
frontend,19,149969
ml,0,114630
devops,9,149618
design,1,64002
business,18,154576
design,0,67389
backend,11,116867
education,4,63638
design,15,115024
devops,0,94929
education,6,72629
business,8,139993
education,16,109689
fullstack,19,152183
education,1,57111
business,15,162020
education,5,65912
frontend,10,98187
backend,8,120773
backend,4,80029
devops,16,205791
ml,14,170579
design,7,96011
ml,16,240986
education,16,117725
devops,8,150035
business,11,154133
data,16,193678
design,14,126931
backend,19,178050
devops,10,171222
backend,8,122015
healthcare,8,115798
backend,7,97921
frontend,4,87698
data,5,100182
design,6,86756
fullstack,2,83586
backend,12,135754
education,5,67136
fullstack,4,111144
ml,6,158984
fullstack,9,120588
ml,18,258780
business,10,123066
ml,16,231939
design,14,110424
design,20,133323
devops,4,109821
design,12,108300
business,20,182774
frontend,16,135030
education,4,74976
business,10,124658
backend,0,86089
frontend,14,144124
education,10,95117
design,19,144607
fullstack,10,127674
healthcare,12,138485
design,12,106686
education,12,95231
frontend,12,126682
business,6,117947
backend,11,137118
fullstack,11,133463
devops,9,142789
frontend,18,158804
backend,19,164802
fullstack,7,129843
frontend,15,129624
backend,14,158299
healthcare,15,121922
fullstack,17,172356
ml,2,114964
frontend,0,67755
fullstack,10,123291
backend,6,94113
data,18,167651
design,0,64463
frontend,15,113185
devops,19,201498
education,4,77288
ml,0,93324
data,15,185279
data,6,117129
business,4,110169
fullstack,3,98422
backend,11,122045
devops,13,154436
design,6,74796
education,11,91473
data,9,117533
data,12,132470
data,8,135110
ml,13,175029
fullstack,5,111891
data,19,190247
fullstack,12,144312
education,5,82965
design,20,152756
design,7,84357
devops,19,185630
ml,11,151770
backend,2,77340
fullstack,1,93664
ml,3,124252
frontend,4,86603
devops,15,176032
fullstack,4,103105
frontend,12,116950
data,6,104387
devops,3,111937
devops,15,155048
ml,4,137569
healthcare,20,141514
frontend,8,110798
devops,5,104582
ml,8,173930
data,1,84258
frontend,2,71929
data,19,164151
business,0,83492
ml,17,241903
healthcare,13,143339
education,2,67139
data,4,114229
fullstack,4,111716
fullstack,15,167055
fullstack,0,72555
ml,1,100700
education,13,96375
design,13,106758
design,9,85505
design,3,70177
healthcare,0,75238
ml,2,115627
healthcare,0,85213
education,20,103589
business,3,107562
frontend,7,97347
fullstack,14,149780
data,17,192529
healthcare,8,105718
healthcare,12,132890
frontend,2,83170
data,20,174401
healthcare,15,140818
ml,3,107721
design,7,84911
business,18,149713
business,13,151823
design,5,75810
frontend,1,75845
data,9,144331
backend,9,127983
backend,8,122164
frontend,9,100259
fullstack,18,167119
ml,2,96991
design,4,75185
devops,15,162985
healthcare,20,177226
data,11,126985
data,16,183386
education,0,53374
education,1,66100
business,16,163794
fullstack,14,171503
frontend,5,84871
frontend,1,74481
frontend,10,115309
education,13,104381
backend,4,105951
business,14,169578
education,5,65283
backend,12,114392
business,17,160454
devops,10,132243
design,4,90441
education,2,72526
frontend,2,80458
backend,0,82740
healthcare,16,118764
design,20,136257
data,4,95533
devops,15,158907
data,13,156608
education,3,77766
education,8,74846
ml,4,133157
frontend,16,133249
data,19,171164
design,7,77290
frontend,2,89544
design,2,72700
healthcare,6,108240
design,9,82693
education,12,99076
frontend,6,94852
education,11,104464
backend,14,132567
design,6,74235
healthcare,5,99158
healthcare,5,84196
healthcare,2,87830
ml,13,170728
data,17,164671
devops,11,143604
healthcare,15,119123
backend,7,101717
ml,4,129790
healthcare,3,87574
frontend,8,90077
business,14,134833
fullstack,14,148204
ml,13,212987
data,7,111228
fullstack,12,124090
devops,17,196049
backend,15,144036
business,15,151995
education,0,60881
frontend,5,87308
fullstack,17,171517
frontend,2,80733
healthcare,19,162108
frontend,19,166523
devops,8,132052
healthcare,20,147617
data,4,121947
healthcare,16,146386
business,12,153537
design,0,60077
education,11,102584
ml,19,224935
data,11,162163
ml,15,189118
frontend,9,116080
design,2,69058
fullstack,12,125531
healthcare,2,74272
design,12,97528
ml,14,213988
fullstack,1,87537
data,6,107094
healthcare,17,126416
fullstack,2,90023
healthcare,5,103649
education,14,98757
design,11,95556
devops,19,214558
ml,7,137690
frontend,19,126893
healthcare,3,92651
frontend,8,95319
healthcare,17,153862
business,7,130562
devops,17,197498
healthcare,3,99971
fullstack,9,125752
design,4,86328
education,13,96400
frontend,2,66899
devops,10,143831
ml,11,175504
design,16,103970
frontend,6,88766
ml,8,140671
ml,12,171158
design,20,141216
education,5,67183
fullstack,10,122478
fullstack,17,181232
ml,20,222153
frontend,13,105191
fullstack,4,101590
business,19,193091
ml,19,266158
design,7,79641
design,5,86679
healthcare,0,69314
devops,6,138401
design,18,133523
data,17,172691
business,18,154466
business,13,130718
backend,0,69360
design,4,84970
ml,12,175660
education,2,73651
healthcare,6,110701
ml,5,126155
devops,2,115853
business,12,161983
education,14,101045
education,1,63049
healthcare,1,86428
design,1,68541
design,18,142843
frontend,17,147932
ml,5,135438
devops,3,108609
frontend,11,130073
education,17,107599
devops,10,153065
frontend,2,82067
business,13,162866
education,12,89206
education,13,99093
ml,6,153868
data,19,196610
education,2,56411
backend,19,140901
healthcare,14,140108
devops,18,196899
business,3,90240
devops,5,106076
education,3,78582
design,11,97723
ml,14,217756
healthcare,7,93768
data,16,162025
ml,0,105873
devops,4,107600
ml,13,171406
frontend,2,73876
frontend,15,149204
education,7,92390
fullstack,14,131072
fullstack,12,146245
frontend,14,144823
business,8,141460
devops,1,91971
business,18,152058
healthcare,11,131068
devops,2,89516
ml,5,150620
business,0,86603
devops,1,82245
data,4,92896
healthcare,12,114354
healthcare,0,68357
frontend,13,105184
education,5,85750
ml,3,111883
healthcare,17,154381
ml,20,228732
data,11,145879
fullstack,9,128934
data,7,115918
devops,3,116319
business,6,111111
business,11,160049
devops,3,121528
business,2,105954
devops,11,172798
devops,7,129255
data,13,153499
business,19,193118
devops,20,187224
devops,18,225964
education,12,93401
ml,12,201436
frontend,2,83762
ml,18,232943
design,10,105107
business,20,201206
fullstack,9,108477
fullstack,17,188837
ml,18,252720
fullstack,16,137986
ml,13,183455
data,20,189030
frontend,17,142873
education,13,91342
data,17,198288
ml,11,170661
healthcare,15,127112
ml,17,215938
backend,5,108361
backend,16,165315
healthcare,11,127435
devops,11,136404
devops,12,159073
ml,16,215240
backend,3,94317
education,11,99697
frontend,6,99460
data,10,160071
design,9,110553
fullstack,11,135488
design,18,130199
education,13,90582
business,0,89605
ml,9,186547
healthcare,8,104312
healthcare,8,111261
ml,17,242115
healthcare,19,163711
business,13,137029
backend,0,80891
healthcare,1,75220
design,17,122859
ml,10,175118
ml,11,173301
healthcare,11,136795
devops,1,86614
healthcare,17,140499
devops,1,98280
data,9,114471
backend,5,91169
backend,8,107619
design,5,87849
education,17,124861
frontend,17,129342
healthcare,15,148768
backend,0,70406
business,3,91691
devops,14,159965
education,5,83746
healthcare,6,100969
fullstack,11,118974
frontend,0,73604
devops,0,85802
business,10,147389
fullstack,17,156220
data,11,145416
backend,11,135494
devops,7,141071
frontend,1,78876
ml,17,202962
devops,6,125870
fullstack,14,147896
frontend,17,134109
fullstack,8,108281
devops,20,228463
frontend,13,128219
healthcare,8,116484
business,0,84455
data,13,141134
ml,17,224503
design,2,82317
data,19,200708
education,19,115699
business,2,102577
data,9,135262
fullstack,13,136417
fullstack,0,74427
devops,5,111574
business,19,164559
education,14,110704
education,2,62943
fullstack,0,83621
devops,8,123752
design,18,117721
education,6,75002
business,11,156898
business,4,107313
backend,6,105407
ml,20,252045
education,10,94869
backend,0,76119
design,13,93956
fullstack,6,101105
business,16,174790
education,15,110157
design,16,103651
devops,7,132755
business,5,126453
fullstack,7,114763
education,4,79487
fullstack,13,155708
data,19,205395
business,15,151934
data,2,89842
backend,10,130182
design,4,73305
frontend,20,169738
education,3,75804
backend,11,114670
frontend,7,84090
design,8,84257
ml,4,131602
backend,11,112644
healthcare,17,124910
ml,15,228749
devops,8,123516
education,20,102405
frontend,16,127807
healthcare,0,72259
business,1,100516
ml,8,143315
fullstack,8,131841
frontend,16,131280
design,20,145172
healthcare,18,165331
backend,4,99276
healthcare,20,167952
business,7,129866
ml,4,113844
frontend,11,105821
frontend,3,71559
ml,2,112382
devops,12,182484
education,13,85625
backend,20,144316
frontend,15,143574
fullstack,16,155658
data,8,131292
healthcare,20,176390
education,5,73427
devops,14,150537
healthcare,15,135324
backend,18,148146
frontend,9,114715
frontend,6,87581
fullstack,6,120821
education,17,109108
devops,11,141121
devops,3,99386
education,1,65374
backend,15,123717
backend,1,85937
ml,20,235625
data,8,144092
ml,10,161023
design,0,72825
data,7,108159
design,8,91422
design,20,142053
backend,19,142222
frontend,9,111317
ml,13,210587
fullstack,14,158210
devops,11,148985
design,11,108779
design,1,62978
frontend,3,76229
healthcare,20,173542
education,12,110147
data,5,113390
business,6,117964
frontend,2,84984
frontend,17,118821
business,9,118496
business,7,113233
design,13,109967
education,19,116704
business,13,152615
design,2,65666
data,18,183932
design,9,92401
backend,20,144796
backend,12,146211
education,0,64125
design,1,77753
fullstack,7,99720
education,14,99953
devops,16,162575
ml,1,91688
design,12,92739
frontend,5,87187
ml,14,169702
business,6,132029
education,20,124517
frontend,3,82516
education,7,91060
healthcare,8,101465
design,8,79184
business,7,116182
frontend,6,84403
devops,12,168332
ml,13,167248
frontend,6,94913
fullstack,15,134424
devops,17,177942
business,2,92148
fullstack,18,154575
design,14,97824
education,20,126695
frontend,17,144784
healthcare,20,149436
frontend,14,117722
fullstack,4,90788
design,19,116757
business,12,154450
education,17,105132
devops,4,116285
ml,14,212455
data,7,123647
frontend,15,119000
education,1,64909
design,11,91558
design,17,124596
data,4,94613
data,17,152812
data,9,122443
healthcare,18,138342
frontend,4,95680
frontend,10,111826
frontend,17,158279
frontend,8,96562
devops,4,114755
business,6,127814
business,2,88350
backend,18,134896
devops,4,120702
data,2,84607
design,9,91800
backend,14,157421
fullstack,14,161461
education,16,112672
business,7,110008
business,3,105723
design,18,147184
business,16,161357
devops,10,156097
education,12,85342
healthcare,16,145290
devops,16,209735
fullstack,4,109416
data,17,184117
data,13,146000
fullstack,12,129027
business,6,100893
backend,12,116431
fullstack,19,190257
education,9,77767
healthcare,13,113351
fullstack,18,162501
healthcare,18,161698
fullstack,7,114712
design,12,121468
data,20,221257
frontend,20,172279
design,15,121645
business,7,137488
healthcare,17,151331
data,1,103772
business,5,122276
healthcare,10,126234
fullstack,17,189518
data,7,141728
ml,3,106691
backend,7,114332
healthcare,16,128853
design,17,108617
business,18,178583
data,10,129052
education,10,90633
ml,1,100306
data,10,133236
fullstack,11,120607
devops,15,194746
fullstack,0,80076
backend,3,85606
education,19,128874
education,9,99987
backend,20,177426
education,3,64820
fullstack,15,156350
design,3,66308
devops,12,160585
backend,1,87986
fullstack,14,134577
business,9,140256
ml,5,130341
design,4,76487
business,11,160487
backend,11,125394
design,15,111825
business,15,175868
business,0,97717
business,10,134854
design,6,94670
devops,11,155824
devops,17,190756
healthcare,19,147666
data,8,144525
devops,15,170211
ml,18,249118
data,13,136231
business,2,101907
data,13,161076
data,7,112463
devops,12,174582
healthcare,12,108851
devops,17,184098
backend,19,154607
fullstack,4,101972
education,18,105110
healthcare,0,64046
healthcare,18,130226
design,13,100043
fullstack,18,151795
frontend,9,114803
design,20,128756
devops,17,198794
business,12,143746
data,7,120867
education,1,63360
business,15,145846
business,4,93167
data,15,185377
frontend,15,149119
education,9,94861
ml,15,204566
data,9,131866
backend,4,101261
education,8,80240
design,10,103565
ml,3,111170
backend,9,110719
backend,12,128932
business,6,116651
devops,19,213429
education,0,58322
education,7,82151
fullstack,11,119866
ml,9,146194
business,3,95487
design,16,136151
business,14,159773
business,11,151995
data,17,195826
business,13,168346
healthcare,19,172345
frontend,11,106525
data,16,195549
business,16,187190
design,9,107785
healthcare,14,136267
ml,13,210807
ml,3,131523
business,10,130471
frontend,15,115957
education,14,105730
ml,2,120599
fullstack,19,151874
devops,7,134942
fullstack,11,134682
ml,1,96441
devops,6,138159
ml,17,244951
data,7,128574
design,3,77026
education,13,94899
devops,13,183700
data,9,114591
design,2,75091
devops,8,128921
backend,14,152668
design,1,66396
ml,5,119611
healthcare,6,88258
healthcare,18,133928
fullstack,8,127826
education,11,95604
frontend,16,152779
ml,12,204781
ml,0,87049
business,5,106209
business,6,119131
fullstack,17,175518
fullstack,1,80257
design,10,89652
devops,0,103385
business,18,182698
data,14,186119
devops,10,138356
healthcare,9,112022
devops,14,196535
ml,5,136065
backend,4,95007
frontend,10,112008
healthcare,4,97961
data,3,93353
business,18,180328
healthcare,1,88657
healthcare,11,121654
devops,8,132473
healthcare,15,122339
design,16,116588
fullstack,16,144522
ml,3,111613
ml,4,119586
data,9,125521
design,7,95699
devops,14,169556
frontend,13,108890
fullstack,18,191473
backend,15,134579
education,14,93824
data,0,80940
education,7,69313
data,9,135269
data,12,164002
design,12,96796
education,16,103479
ml,5,117725
education,17,111404
backend,15,161165
devops,11,158092
data,6,114407
design,20,134644
backend,4,106918
design,2,72804
education,14,95949
ml,0,91600
fullstack,17,151148
fullstack,14,137614
education,13,101133
fullstack,3,107943
backend,11,134960
frontend,5,90659
backend,16,149980
healthcare,10,103445
education,8,80950
ml,4,122629
devops,10,139699
data,14,165003
design,20,134266
data,0,83138
ml,12,189813
fullstack,17,157106
data,20,176570
ml,6,124450
fullstack,6,108800
devops,20,212076
design,6,78636
business,6,113201
healthcare,8,120599
data,11,165954
devops,5,133294
devops,13,164375
education,4,82279
design,2,71395
data,17,188322
data,1,81355
devops,20,236462
business,7,116366
fullstack,16,168222
frontend,11,107922
ml,8,136255
healthcare,15,116802
fullstack,2,85751
design,1,67486
devops,1,83059
business,0,75301
education,8,96216
backend,0,73873
fullstack,13,145307
design,3,75838
data,0,91969
devops,18,217891
data,19,207578
design,17,131773
frontend,17,121197
education,6,69880
frontend,14,138917
frontend,19,167339
business,15,141177
ml,15,183692
devops,6,135309
frontend,19,144658
data,0,83244
design,18,113291
design,2,66657
frontend,7,86185
ml,0,90868
business,10,152083
devops,9,138379
devops,0,76965
ml,20,271072
devops,10,148565
business,20,195403
devops,5,126400
frontend,2,70922
business,2,96478
fullstack,20,201306
design,12,122731
education,10,79748
frontend,7,106074
healthcare,19,140096
ml,15,232215
business,4,112398
education,15,90036
education,12,91179
design,13,116437
ml,1,109469
devops,2,102768
frontend,1,67596
fullstack,5,106445
education,11,82560
business,6,129305
education,18,105214
ml,19,203753
devops,18,198837
design,0,58162
data,8,120026
data,2,81780
devops,14,198971
data,10,139925
education,5,75944
fullstack,17,158012
devops,19,181255
education,18,97002
backend,19,159873
devops,13,166369
backend,4,104747
backend,19,171050
design,17,138165
education,10,91969
frontend,8,89304
business,10,117962
education,5,81023
data,17,154598
education,10,83890
ml,20,241281
education,0,62077
ml,6,156064
devops,1,90361
backend,8,105101
healthcare,19,143603
ml,19,203483
backend,11,119963
data,12,150104
business,13,153261
devops,4,110160
business,6,106199
frontend,15,121671
devops,1,86444
backend,17,145060
frontend,11,115162
devops,11,150647
healthcare,5,83426
business,20,164504
data,18,200619
fullstack,19,162718
business,19,161613
healthcare,8,105859
frontend,10,95119
frontend,20,167221
devops,0,81988
fullstack,4,86955
fullstack,5,111589
fullstack,4,107133
healthcare,4,89094
devops,8,153335
backend,2,94104
design,8,81596
fullstack,9,122035
backend,3,90354
fullstack,19,153470
data,11,134744
devops,16,178114
data,20,209254
education,4,82420
devops,17,204235
education,11,105497
devops,7,122848
ml,10,189326
healthcare,19,154558
backend,14,148779
fullstack,4,92748
backend,17,163970
healthcare,4,82244
education,1,69843
frontend,8,101422
design,1,64628
education,3,59166
fullstack,9,121063
backend,3,81740
fullstack,11,126260
ml,2,102508
healthcare,4,79294
frontend,20,165902
business,12,158966
fullstack,15,132868
education,18,104802
education,6,76928
data,17,175161
healthcare,14,139756
healthcare,15,153851
healthcare,5,101986
fullstack,5,107097
data,16,171145
backend,6,108872
devops,6,139363
business,16,171203
frontend,20,147154
business,2,104301
backend,18,158536
business,1,100987
data,4,113420
business,13,148326
design,16,127239
education,7,74485
data,0,75174
business,18,179402
business,15,146930
business,7,109867
design,14,130477
backend,11,106515
backend,20,185065
healthcare,18,141525
frontend,7,97091
fullstack,17,183738
fullstack,5,103407
healthcare,4,78740
devops,2,88357
backend,3,75417
ml,16,219680
frontend,9,116637
ml,13,218613
fullstack,8,120571
frontend,19,150348
data,11,160734
education,11,103446
fullstack,15,153242
business,19,178990
frontend,20,166602
devops,15,166718
ml,15,233857
data,11,154550
education,14,115200
fullstack,20,202489
fullstack,19,165166
data,4,121789
devops,20,219115
devops,5,111366
frontend,4,83833
backend,0,85508
design,5,83022
healthcare,6,87721
healthcare,5,106490
devops,0,77906
ml,5,154262
healthcare,2,73157
fullstack,5,91413
fullstack,16,157610
devops,10,133711
fullstack,7,109281
design,2,82652
ml,15,178046
business,18,153291
ml,2,126188
devops,17,189495
frontend,5,77241
healthcare,16,138666
education,1,57891
education,7,88103
business,0,82624
data,4,91303
devops,15,166366
fullstack,10,114782
design,3,74046
ml,16,223775
design,5,74535
design,8,85592
business,12,158227
fullstack,1,75966
business,12,133043
design,2,64408
devops,12,178466
ml,16,232024
data,6,127545
fullstack,10,116474
ml,10,159338
backend,8,119200
ml,13,166626
design,3,83829
education,9,98050
healthcare,13,145057
business,18,190569
backend,14,130764
business,1,103202
education,10,99319
backend,13,153511
business,12,157504
data,10,148952
frontend,13,103817
devops,12,141696
education,17,108040
design,10,107898
devops,7,150610
backend,4,84627
devops,9,152564
healthcare,0,83070
ml,0,97447
education,4,81951
backend,20,186256
ml,19,223422
devops,18,215447
design,11,113816
backend,5,107044
ml,3,131731
backend,0,78028
frontend,10,111378
ml,8,153234
design,10,114901
business,17,184238
education,20,123839
frontend,10,101790
fullstack,14,155092
backend,9,98797
healthcare,3,77534
frontend,0,65473
design,10,114664
design,0,66210
data,13,162826
business,10,118177
fullstack,5,92578
backend,10,106877
design,5,91966
healthcare,6,109342
healthcare,2,91127
devops,10,146751
devops,16,191907
design,20,153266
design,6,76441
data,14,146686
healthcare,6,89256
design,8,99110
backend,18,144775
fullstack,11,126403
business,4,109027
data,15,151913
frontend,13,121354
frontend,8,92964
devops,6,120383
frontend,8,100447
design,2,71496
data,5,111230
frontend,3,72146
design,2,68202
devops,12,170954
education,2,56341
frontend,4,88665
design,16,134734
backend,6,103493
education,5,73880
backend,0,74153
frontend,20,128297
education,18,108909
ml,17,237589
data,9,126333
healthcare,2,73666
frontend,20,137331
ml,0,85335
healthcare,5,102401
fullstack,14,134792
design,0,66030
healthcare,3,76236
education,5,81591
healthcare,12,115609
data,6,121015
devops,20,233594
fullstack,10,124383
business,15,138515
backend,14,154876
devops,2,113900
design,10,112305
business,6,132181
business,11,157272
healthcare,4,82610
education,6,66711
fullstack,2,102203
business,6,101749
ml,9,184202
education,7,82769
devops,19,174394
fullstack,14,128797
data,19,185600
frontend,11,126958
backend,10,129873
fullstack,18,153135
design,5,74247
business,3,110265
data,13,149332
ml,1,122771
fullstack,18,177017
backend,6,103638
data,20,212571
ml,3,129238
education,11,83149
devops,14,152493
business,9,115650
frontend,13,109697
fullstack,2,102196
frontend,18,149075
design,14,130929
fullstack,11,120684
ml,7,146979
frontend,9,111001
education,15,108630
design,14,122270
business,2,108391
frontend,13,128419
design,12,120850
healthcare,19,130112
fullstack,16,168195
frontend,16,122178
backend,6,88469
education,6,76489
business,2,107407
backend,13,144666
healthcare,12,123036
devops,19,216816
business,2,91992
frontend,14,119116
education,9,78627
frontend,3,93043
ml,15,225766
design,4,70860
design,6,90689
data,15,147520
fullstack,1,90789
backend,4,87656
education,20,130328
ml,7,131429
ml,15,188957
education,19,119392
healthcare,13,109230
design,11,113568
devops,8,119642
data,18,207962
education,0,62194
frontend,1,83688
devops,0,77316
frontend,10,98550
backend,6,92406
healthcare,19,167515
data,19,197349
fullstack,0,76496
design,16,113487
fullstack,7,125092
ml,3,109545
fullstack,4,88576
ml,20,208548
ml,17,233376
ml,9,184329
frontend,15,111572
fullstack,5,102129
devops,1,90325
data,6,102122
frontend,20,141289
business,6,130788
design,2,79330
design,20,118986
fullstack,10,117563
education,18,117966
ml,0,88288
frontend,4,83587
business,16,162552
backend,4,104462
data,13,153323
ml,2,109029
design,8,95570
design,11,116185
ml,12,178210
frontend,12,114123
ml,5,119511
devops,13,146478
design,17,108714
business,11,139085
healthcare,12,123076
healthcare,20,131960
frontend,2,69499
devops,3,112240
business,7,134966
backend,15,163370
frontend,2,68362
fullstack,10,143468
business,10,119822
devops,19,211483
ml,10,176643
healthcare,2,93488
education,16,114171
education,9,73987
backend,10,130982
data,3,115055
design,20,144605
ml,9,143377
healthcare,11,131243
frontend,13,130328
data,1,77182
education,8,72140
fullstack,6,120061
healthcare,13,123766
devops,8,137450
backend,17,165052
devops,12,147849
business,4,97242
frontend,4,78473
healthcare,9,108748
education,17,103800
fullstack,13,160342
data,7,135156
ml,10,186354
backend,16,164151
fullstack,2,84749
healthcare,18,146175
healthcare,2,94601
data,18,173833
frontend,3,71722
ml,17,216311
backend,11,139333
data,5,99625
data,14,139876
education,2,63183
business,15,159102
fullstack,14,133421
fullstack,7,106588
healthcare,14,127455
healthcare,9,101286
design,14,120932
data,6,124809
education,8,83460
backend,12,138452
education,0,68309
business,18,172761
frontend,6,86311
design,8,106053
ml,7,134403
business,12,150661
devops,14,170556
devops,7,113394
frontend,5,87887
ml,3,103317
devops,15,159125
backend,4,80839
healthcare,7,88753
education,6,68180
education,15,90853
backend,10,106653
data,12,156564
data,11,127921
backend,1,70517
fullstack,8,111084
fullstack,13,162945
education,14,97398
healthcare,18,128092
fullstack,6,124733
data,2,84191
data,15,149458
ml,18,223306
fullstack,16,173336
design,4,74255
design,19,139149
design,7,99862
design,9,99130
frontend,3,80780
frontend,4,79447
healthcare,18,167848
healthcare,11,115832
frontend,12,128659
fullstack,19,175507
education,14,89738
healthcare,19,148036
frontend,13,124676
ml,20,252862
healthcare,16,148737
business,13,159223
business,4,120197
design,9,99164
devops,14,161370
business,13,129939
education,13,104084
devops,13,154172
data,14,146208
business,6,119471
design,0,69945
design,3,67772
backend,9,110716
design,12,107487
data,20,210050
backend,5,89074
healthcare,19,136178
design,7,84414
fullstack,20,169679
healthcare,19,164497
backend,12,116687
fullstack,5,115365
design,12,96873
business,19,162310
fullstack,17,185956
data,16,162134
ml,1,92283
healthcare,18,133162
design,17,141568
devops,1,106166
design,4,71619
fullstack,10,114758
healthcare,20,157791
devops,6,125098
ml,14,214861
frontend,9,94034
backend,10,113531
education,20,108046
fullstack,6,96595
fullstack,1,85829
design,10,101029
fullstack,6,96637
healthcare,1,79279
ml,16,215028
ml,15,182444
business,16,170271
design,13,120664
ml,20,213869
design,3,66462
devops,15,171290
ml,10,145406
data,12,157975
backend,6,94719
fullstack,0,68306
frontend,0,78967
design,6,88787
fullstack,12,140675
data,19,188510
healthcare,9,108387
ml,5,143662
backend,14,126046
healthcare,13,119568
healthcare,1,83516
devops,9,141566
business,12,141728
devops,3,123688
backend,18,146220
fullstack,17,141116
backend,12,145603
backend,10,124960
fullstack,9,143169
devops,20,236263
fullstack,11,139323
ml,5,126627
healthcare,1,87135
devops,17,177808
fullstack,3,90986
fullstack,20,185316
fullstack,15,159442
healthcare,6,96642
education,13,102883
ml,4,110723
fullstack,3,109106
ml,13,219308
business,0,95770
data,11,160151
fullstack,4,114036
business,0,81678
design,20,118803
ml,8,172553
education,3,67397
healthcare,11,107868
education,0,60058
data,11,163870
fullstack,17,186411
business,5,112405
backend,4,93269
devops,16,183444
education,12,87951
fullstack,2,88888
data,5,122710
fullstack,16,174302
backend,6,96788
data,20,195033
devops,17,168431
healthcare,0,73180
business,3,95261
backend,7,110247
fullstack,14,141187
fullstack,16,173865
design,19,144634
data,9,136464
data,6,121393
education,12,94413
backend,5,102899
backend,0,80484
ml,8,158994
devops,6,123323
business,14,165537
business,18,196030
design,15,101374
design,4,79770
ml,19,246432
ml,8,175102
design,2,61707
fullstack,13,140689
business,6,122947
ml,6,122090
design,0,61461
data,8,145210
healthcare,13,125279
ml,14,189205
design,19,143055
business,18,191185
education,9,79317
education,16,119072
backend,13,151086
business,7,124053
healthcare,9,122574
fullstack,15,148627
healthcare,2,77883
devops,8,132645
design,15,107672
devops,7,131532
devops,5,117953
data,20,215107
frontend,18,127325
fullstack,10,122464
backend,7,117941
healthcare,15,134667
fullstack,20,181172
data,9,115503
ml,20,275993
devops,19,196333
healthcare,12,121812
devops,12,155066
backend,19,139607
frontend,9,96337
healthcare,8,96323
business,4,91209
healthcare,3,88658
ml,19,220687
frontend,20,166695
education,7,84897
healthcare,17,139877
backend,0,65142
frontend,5,97949
backend,15,141400
design,2,82615
fullstack,7,98335
healthcare,10,109435
design,16,128750
frontend,12,130670
devops,17,182163
design,14,121278
data,10,156290
education,16,116858
healthcare,11,106195
fullstack,10,128095
backend,19,156400
healthcare,5,83499
healthcare,18,140794
design,19,124279
ml,17,245785
design,8,91479
frontend,14,134216
business,16,158085
design,9,106754
devops,0,92089
devops,12,167731
business,18,163466
frontend,9,104997
healthcare,4,82590
data,20,206169
frontend,8,91895
design,11,111325
design,19,131352
frontend,16,119739
design,8,87736
education,18,129810
data,10,139191
education,17,103477
business,14,164900
data,17,166263
ml,20,245366
education,3,70981
data,1,93343
fullstack,20,176267
education,18,112698
fullstack,9,128918
education,9,84193
devops,10,138473
data,17,203866
fullstack,0,75232
data,8,128471
devops,1,90024
education,4,79628
devops,20,193208
devops,1,84257
ml,2,121897
data,1,91049
frontend,19,145459
backend,8,113702
ml,9,149814
devops,18,203552
education,6,74535
ml,7,142350
devops,15,183325
healthcare,12,126839
healthcare,10,106084
healthcare,19,142653
devops,16,205336
backend,12,137766
data,4,98332
backend,19,150234
fullstack,7,119622
data,0,83430
backend,2,96331
education,6,66665
frontend,1,82597
design,3,77479
healthcare,11,128443
healthcare,14,119819
design,5,83272
healthcare,16,143580
business,8,135614
fullstack,7,107172
devops,16,208539
data,19,161187
frontend,0,69118
design,20,124087
backend,8,107729
healthcare,16,156007
education,12,104783
healthcare,16,145915
frontend,2,83744
ml,3,107168
ml,7,129357
frontend,13,136324
ml,3,113571
healthcare,6,108782
devops,6,141652
design,18,131432
education,18,109897
data,5,116144
education,9,86355
education,1,72054
devops,16,181590
devops,20,190847
fullstack,13,162022
design,7,94083
ml,7,151932
design,15,124518
education,16,103206
fullstack,8,107725
devops,17,176839
devops,11,164611
data,8,122711
backend,5,98092
backend,15,163814
data,6,129341
education,8,81132
backend,12,123496
backend,7,114890
business,2,81510
design,18,122597
business,6,106844
backend,15,156445
education,5,84465
devops,18,220080
design,13,115739
business,3,91874
fullstack,6,122957
healthcare,9,111960
fullstack,11,126472
ml,12,183776
backend,15,162270
fullstack,14,140847
devops,17,189938
healthcare,4,79860
fullstack,3,107615
healthcare,5,86012
devops,10,137960
education,2,69659
backend,12,136631
business,13,141920
data,16,151051
business,19,162034
business,5,107722
frontend,5,81076
fullstack,17,154642
frontend,16,149588
education,10,82148
ml,4,126998
business,15,164138
design,9,84146
backend,11,128582
backend,8,109380
frontend,17,151023
education,14,90372
ml,3,138011
frontend,10,103564
education,9,86836
backend,17,133174
design,14,101464
business,11,159490
business,4,105905
design,17,109068
frontend,5,98440
design,12,106576
fullstack,14,140004
devops,7,141884
ml,19,252789
backend,4,81486
devops,13,179502
frontend,4,78587
healthcare,8,113659
education,16,123858
fullstack,15,145281
devops,17,187526
business,13,157465
frontend,7,103403
healthcare,15,115397
backend,4,81163
fullstack,1,95626
healthcare,10,106126
data,14,182833
frontend,3,80835
data,3,98790
education,0,58751
ml,15,188725
healthcare,20,167765
backend,10,134210
healthcare,7,88015
data,7,117165
ml,16,223729
frontend,13,122412
design,9,90318
devops,20,218548
design,20,144283
devops,1,109071
frontend,18,152076
education,19,123898
devops,2,93471
ml,11,180208
business,16,187878
design,0,71103
healthcare,6,89265
devops,1,86203
backend,3,87274
data,9,116621
business,1,84282
backend,19,137368
ml,14,224474
design,1,76613
healthcare,4,81440
healthcare,11,134277
ml,2,105732
education,3,61730
devops,1,86749
business,1,98732
backend,4,89489
ml,10,149186
business,7,104145
backend,6,116211
fullstack,9,142837
education,1,69193
design,14,101552
business,11,121196
backend,18,161842
design,6,88973
fullstack,14,143950
backend,11,140470
design,18,128154
business,9,136325
ml,15,196935
business,5,114548
devops,19,201388
design,10,108815
design,15,133406
backend,1,69240
fullstack,19,195560
data,2,104111
ml,14,185044
education,20,128752
healthcare,11,108519
frontend,11,111942
fullstack,7,97916
design,11,93266
design,11,93849
ml,0,104998
design,2,82737
education,18,127265
education,10,88376
education,3,62357
ml,20,249330
design,0,69437
backend,16,155068
business,0,86114
frontend,4,81273
fullstack,8,118101
business,20,181463
education,6,84191
data,18,211347
devops,18,184753
data,14,179030
education,2,58464
healthcare,15,126876
education,19,120193
education,0,68531
design,12,96731
business,16,149426
healthcare,4,82560
fullstack,9,142051
fullstack,16,136980
design,19,137146
design,20,115043
backend,7,120051
business,3,96550
healthcare,10,126624
education,7,77987
ml,6,127262
business,13,159804
backend,19,170783
backend,3,98266
data,7,112718
ml,3,112125
frontend,19,159913
healthcare,1,69659
education,7,90605
education,10,78331
data,15,149046
business,3,93554
design,0,61398
backend,18,161946
data,7,133822
data,14,160384
ml,4,111845
frontend,11,122615
data,5,117690
fullstack,19,182087
design,0,72550
fullstack,19,189361
healthcare,12,138931
healthcare,12,140767
education,8,95155
design,13,106844
design,10,113075
fullstack,16,145428
healthcare,1,89300
ml,7,141953
frontend,10,125437
frontend,12,124312
education,20,110822
data,17,193954
frontend,13,139986
backend,16,148904
ml,18,203431
backend,19,141566
design,19,112520
education,3,67269
data,19,179116
frontend,3,93986
data,11,138807
healthcare,6,89489
healthcare,14,116097
design,0,55652
ml,7,145376
backend,4,83827
data,9,119503
data,11,145947
data,19,194366
fullstack,19,164009
education,13,113263
education,6,76289
data,8,123650
backend,6,90359
healthcare,9,94888
business,6,107377
backend,3,82719
backend,19,159598
devops,19,201983
data,5,104438
business,15,146012
data,10,127588
healthcare,14,145027
fullstack,15,141612
education,8,92349
education,12,93998
backend,8,103252
design,1,58378
ml,19,204065
backend,12,146134
devops,12,181737
frontend,11,119912
devops,0,80673
design,13,119551
backend,16,158707
data,14,170173
data,15,164169
backend,10,130689
frontend,10,100059
healthcare,9,125287
backend,7,95662
ml,3,126124
healthcare,18,163866
fullstack,4,100390
fullstack,1,84605
design,0,69299
backend,2,87315
education,18,102680
education,0,66610
devops,9,126207
data,7,138011
data,0,92712
backend,3,94147
design,15,118077
design,3,78231
healthcare,9,122206
data,11,167101
design,3,71347
design,8,103220
business,14,136980
education,18,99285
healthcare,5,101961
frontend,4,76389
backend,15,139469
healthcare,12,132307
data,5,115293
data,6,112226
fullstack,11,118388
devops,7,147936
healthcare,8,93365
devops,2,116989
data,5,110957
education,16,112328
fullstack,8,122350
devops,3,123463
education,0,60301
devops,16,160370
backend,7,120953
design,2,68429
healthcare,16,141252
education,4,75176
data,5,122464
ml,9,148357
frontend,20,167461
backend,0,78803
backend,17,173372
fullstack,5,89955
devops,16,200334
education,13,106558
business,15,145909
ml,17,249114
data,10,160557
frontend,1,76335
frontend,17,147056
frontend,11,99208
fullstack,6,109865
fullstack,19,195887
data,15,151040
design,2,65205
backend,14,139557
design,20,149797
data,19,204450
education,13,86480
healthcare,16,124501
education,12,104454
ml,3,123845
healthcare,4,91321
backend,15,123848
backend,0,76913
design,1,78087
education,13,85158
backend,13,115579
data,1,102844
data,4,95345
backend,20,184712
design,1,60809
devops,20,237641
healthcare,7,105674
fullstack,9,108186
business,19,160443
business,15,137959
devops,0,92934
ml,10,187802
ml,17,209769
frontend,15,149487
education,10,83497
design,12,105807
ml,10,193602
business,7,104184
backend,11,107009
backend,4,97821
frontend,6,102422
business,6,110583
healthcare,1,77756
education,12,91926
design,7,79697
ml,14,224749
backend,13,129986
education,18,117761
frontend,19,140231
devops,17,181115
frontend,9,98849
data,10,123402
education,7,72447
ml,15,174342
education,12,102963
frontend,13,134903
fullstack,2,95062
education,0,65728
healthcare,15,125328
ml,15,198469
fullstack,1,79558
data,14,161923
frontend,17,130431
data,2,109479
education,2,68192
fullstack,10,146518
data,20,171071
education,15,108194
education,11,81237
backend,16,126223
frontend,18,130932
frontend,10,96719
education,14,101345
fullstack,11,152905
data,16,192824
business,3,100853
business,16,145799
education,8,73273
education,10,91675
design,18,118825
ml,14,199735
business,4,100162
education,7,86886
devops,10,160679
healthcare,17,139498
backend,6,102098
devops,8,153765
healthcare,1,70833
education,9,98081
devops,1,98057
data,1,90431
backend,5,111173
data,16,159122
data,11,156137
healthcare,19,143059
design,8,85065
design,12,92573
devops,15,167612
backend,5,100060
fullstack,4,110112
business,18,161478
frontend,13,125819
business,10,147530
business,7,128474
devops,5,137564
fullstack,18,190724
backend,2,74392
design,6,89322
backend,4,91869
data,1,96348
data,1,78114
devops,0,95687
frontend,19,164878
business,4,100916
backend,2,82819
data,20,207234
fullstack,20,203829
data,20,210124
healthcare,14,135388
backend,11,128251
backend,15,155200
backend,1,82390
data,16,160625
backend,16,138092
frontend,18,159444
business,16,173712
backend,19,157124
backend,16,145077
fullstack,1,80182
ml,5,126032
frontend,10,113572
design,0,66639
education,14,104800
backend,17,151410
ml,20,240918
data,11,134842
data,17,173176
backend,16,168958
devops,13,164847
business,17,163029
business,6,121809
healthcare,0,78665
data,16,181962
backend,10,134241
devops,2,96733
ml,7,149230
ml,9,149248
education,0,59557
ml,9,146485
education,1,61908
business,14,166371
data,19,215114
design,5,79996
design,15,114567
design,7,84100
design,17,119149
devops,4,101911
devops,7,114052
design,16,129908
business,13,160891
healthcare,6,96647
devops,11,139353
healthcare,1,76482
data,0,93264
education,8,81182
fullstack,7,106094
backend,19,174756
devops,4,121050
business,6,105599
devops,8,152903
business,7,131662
healthcare,13,145744
ml,16,192633
data,12,147989
education,1,58429
frontend,9,116513
frontend,4,83320
fullstack,1,87956
frontend,2,74390
healthcare,5,102664
frontend,4,94796
business,9,131783
frontend,11,128323
design,9,108553
fullstack,13,125574
healthcare,8,100826
frontend,13,110063
ml,20,246824
data,3,93142
education,17,111740
healthcare,11,115273
ml,7,169606
fullstack,2,81475
education,19,108090
healthcare,16,144191
fullstack,16,169245
healthcare,1,71512
ml,7,157640
frontend,19,141347
data,2,88959
healthcare,1,82741
healthcare,8,101487
business,11,146186
design,13,97820
design,15,126917
business,6,110543
data,2,94928
education,17,104687
frontend,1,84035
data,5,99636
frontend,17,128947
fullstack,17,169243
healthcare,1,89833
fullstack,4,93496
data,7,130680
business,4,89273
fullstack,15,139998
devops,10,149158
business,15,145685
business,19,165320
ml,10,176949
ml,0,105840
healthcare,2,85849
backend,17,153242
frontend,14,125469
data,19,194167
fullstack,19,195646
devops,12,142244
healthcare,13,145327
ml,17,189640
business,17,167010
design,13,124193
business,18,187524
education,7,88652
backend,0,66049
backend,17,162902
data,5,109435
devops,10,156110
backend,15,152508
business,6,108761
business,7,110222
data,11,160963
healthcare,0,70108
healthcare,14,139672
data,3,94563
fullstack,1,85164
fullstack,15,149126
frontend,18,150116
ml,17,233432
healthcare,3,81279
devops,8,140215
business,4,90963
education,18,114199
frontend,9,118588
devops,16,180895
design,5,87374
ml,11,174421
backend,15,139509
education,14,92075
fullstack,16,165230
business,9,116012
fullstack,15,141640
education,15,100406
devops,13,181659
data,17,184536
data,12,143067
backend,12,129335
education,9,89199
frontend,3,81012
business,18,158668
backend,0,67677
education,16,123479
data,12,158128
ml,8,161793
healthcare,0,74483
business,9,111734
frontend,18,150489
fullstack,3,87950
healthcare,9,107610
backend,2,94942
data,11,128115
data,15,176249
data,20,195693
devops,3,104355
data,10,141671
frontend,17,156134
data,17,159293
fullstack,8,128514
devops,17,177760
business,5,111190
design,5,80647
devops,3,105638
devops,5,123048
healthcare,9,94688
design,4,75233
education,18,100288
healthcare,20,155038
education,7,84090
data,15,165124
ml,15,180824
ml,19,255907
backend,18,175510
devops,1,91710
devops,10,145712
education,6,78541
ml,11,179256
education,1,67540
fullstack,15,161509
education,8,91392
backend,15,161864
design,18,131810
backend,12,135010
backend,10,110870
devops,15,176877
backend,6,109976
data,8,126075
ml,18,243336
devops,10,160151
frontend,6,96103
frontend,10,122030
ml,0,104037
healthcare,4,82970
healthcare,20,146823
devops,0,80013
devops,18,183568
fullstack,20,171636
data,7,105612
design,0,70375
frontend,17,122618
data,16,192081
design,1,74760
business,2,98178
healthcare,19,161878
ml,2,127098
design,10,98480
data,15,146998
ml,18,243227
data,4,94531
healthcare,7,115907
education,20,121463
design,1,62357
frontend,20,164728
devops,16,176135
design,0,59174
education,4,74944
devops,12,169632
healthcare,20,152730
business,7,108313
devops,10,168310
design,4,84743
ml,1,121654
ml,12,161248
devops,3,111800
fullstack,9,127104
education,1,61170
fullstack,19,181579
devops,0,102324
education,4,75181
healthcare,11,121445
backend,1,81419
healthcare,1,69742
ml,5,142401
devops,17,164307
business,17,192756
devops,15,167378
ml,7,128395
backend,16,147243
ml,8,170504
devops,20,205592
fullstack,18,164872
business,7,127208
healthcare,20,148354
education,5,85003
ml,14,190583
healthcare,18,157054
data,18,179918
healthcare,20,177094
devops,18,192717
data,14,165365
fullstack,9,131228
education,20,130376
healthcare,4,89928
devops,6,136989
data,3,99688
education,6,75414
devops,8,148991
ml,10,167475
ml,5,150422
business,10,130391
ml,7,149958
ml,17,220826
design,0,62939
devops,6,138046
design,12,110211
business,15,138653
frontend,20,151451
design,17,129784
frontend,20,163238
data,14,151815
data,3,114050
education,6,69007
fullstack,10,125670
design,15,101953
devops,9,141873
devops,0,102898
frontend,15,114705
business,2,108598
business,5,105698
design,1,74983
devops,18,211712
data,6,123636
backend,11,134107
business,3,97546
frontend,11,128988
healthcare,12,111453
education,14,101924
data,2,82766
business,17,184190
fullstack,13,158820
healthcare,15,138757
ml,6,122783
healthcare,9,97411
healthcare,9,99246
business,0,82361
devops,16,203609
business,6,103181
backend,14,122659
healthcare,19,149148
business,20,201919
design,2,82257
frontend,3,91639
devops,9,153277
backend,0,64756
frontend,14,129083
frontend,17,152147
business,9,112935
data,14,176179
fullstack,10,128664
data,16,156778
healthcare,16,140596
devops,1,86800
ml,8,150472
data,16,197556
design,5,86545
healthcare,12,129884
education,20,122719
business,5,100131
education,7,68974
data,18,208112
education,14,94086
ml,18,259508
design,12,99366
fullstack,11,137942
frontend,7,92223
business,15,167620
education,9,98055
data,19,198266
ml,12,186312
business,1,91485
business,7,131346
fullstack,6,115502
business,13,139362
business,2,88110
business,11,138064
fullstack,12,142838
education,2,63186
fullstack,19,166176
healthcare,3,92590
fullstack,19,155963
business,20,210810
devops,7,136303
education,15,111879
ml,5,154397
education,0,67184
frontend,15,133906
design,13,109904
backend,3,86181
backend,6,90595
ml,15,218368
data,15,167572
healthcare,16,155348
ml,20,251201
education,11,81407
ml,18,198797
education,13,113722
ml,1,116997
ml,9,167311
ml,18,257082
fullstack,18,194143
ml,3,112578
data,14,183959
devops,1,85352
education,9,81320
data,3,105243
ml,9,139486
business,14,139674
data,20,209930
business,10,121054
fullstack,10,113936
ml,1,93127
healthcare,6,113170
education,11,84492
business,14,154332
education,13,111532
backend,17,142531
frontend,7,87414
frontend,16,139224
healthcare,20,156457
ml,14,169137
backend,10,133774
devops,11,174747
devops,20,203205
fullstack,10,118731
education,18,104660
devops,10,160799
business,15,153302
healthcare,2,95149
backend,12,112737
education,12,105333
devops,16,181530
business,15,161788
data,18,208771
healthcare,4,102572
data,17,183568
design,10,87089
ml,16,233521
healthcare,18,146840
frontend,10,120188
devops,20,230241
ml,7,164577
fullstack,19,192989
data,7,125337
devops,20,209036
business,19,164521
frontend,13,125197
business,7,127592
education,19,111168
education,3,59959
backend,18,135929
frontend,8,98897
design,19,115408
data,20,168178
frontend,1,63643
education,6,77078
education,14,105739
healthcare,6,92867
data,18,168328
healthcare,20,177645
ml,5,146143
design,10,111200
backend,18,156148
ml,6,162256
design,7,79729
business,12,162190
devops,13,175053
ml,6,160853
education,17,104165
business,2,88088
backend,19,151454
healthcare,4,92806
data,7,137031
education,14,114000
healthcare,10,131464
design,15,128426
business,0,83119
design,2,67839
frontend,1,80103
data,17,182731
data,9,120101
business,15,177586
backend,6,105937
ml,7,159028
design,10,106338
data,0,75984
business,16,143379
ml,15,207949
business,14,158438
healthcare,6,92351
backend,1,78763
data,4,100114
education,5,66867
frontend,4,84388
design,2,81316
design,1,61715
data,16,192568
fullstack,15,177420
education,2,58908
backend,7,91294
data,17,185084
design,12,115639
business,4,101346
design,4,73223
healthcare,15,119055
ml,17,242904
education,20,109129
ml,18,229990
design,7,98100
frontend,10,98705
ml,10,176303
frontend,9,101246
frontend,16,116971
data,4,113070
business,13,163345
devops,3,115375
data,12,149865
education,15,108671
devops,0,78919
design,7,85299
ml,16,192458
design,8,87337
business,18,190649
healthcare,10,103794
business,4,101452
design,2,74377
data,9,134594
ml,2,113534
business,18,165767
business,11,149362
design,14,123403
education,4,78408
frontend,16,122283
fullstack,8,132968
data,9,138618
business,18,172907
data,7,135296
ml,18,257168
healthcare,9,109624
data,20,169026
fullstack,18,154223
frontend,11,117108
devops,8,144917
education,19,124006
ml,1,115376
data,8,116730
backend,16,136782
healthcare,13,143667
business,8,113182
fullstack,10,130425
ml,15,192736
ml,10,162193
backend,20,147702
fullstack,5,94746
backend,3,92318
education,1,64414
devops,10,155935
business,16,169477
design,3,85894
design,11,105348
devops,18,218473
design,7,101749
ml,11,168958
ml,3,106551
devops,14,169264
frontend,10,99841
backend,18,164169
devops,16,180507
healthcare,8,118265
business,2,101377
design,12,107838
backend,3,81072
fullstack,2,101879
backend,20,149968
frontend,4,92932
design,0,63232
education,16,106959
frontend,10,104441
healthcare,16,120673
fullstack,20,155637
education,1,64955
ml,7,170114
business,11,127466
devops,7,118216
backend,19,147342
data,9,136077
devops,18,211243
healthcare,1,89491
fullstack,9,124535
design,14,128316
data,1,84216
fullstack,13,141792
ml,7,142237
design,4,77509
fullstack,2,96014
fullstack,12,147055
design,11,111201
healthcare,3,85530
healthcare,8,92876
data,10,145296
education,19,100440
data,0,80392
fullstack,4,88745
devops,18,174132
frontend,20,142852
design,4,73850
data,19,204106
devops,18,204675
frontend,6,101848
data,5,120509
ml,1,111230
ml,13,180461
fullstack,17,149417
education,15,109534
fullstack,19,188495
data,14,181496
data,11,150815
education,10,78121
frontend,7,97256
fullstack,3,104015
devops,1,89253
devops,16,165179
fullstack,0,78261
design,20,143261
ml,12,194831
design,20,138315
design,13,107191
fullstack,3,95302
design,13,108381
design,6,78464
frontend,18,139779
design,15,113008
backend,6,103817
fullstack,6,98633
business,16,165338
education,10,90405
business,12,151514
design,7,85443
frontend,8,106006
backend,13,143132
fullstack,13,124472
data,7,138503
backend,8,101833
devops,5,123821
design,11,99402
design,16,117197
ml,19,216858
frontend,7,98544
fullstack,3,91906
education,4,67650
backend,3,89079
business,15,138193
fullstack,6,118229
healthcare,20,176951
data,17,184011
ml,9,139274
ml,10,193961
data,3,114820
healthcare,16,158373
education,12,87429
backend,19,149852
business,19,183862
healthcare,16,147589
data,11,158156
ml,12,172264
devops,12,167492
education,12,108724
devops,14,196320
ml,5,139513
design,3,83330
design,16,128060
data,6,102267
backend,11,122371
data,8,144613
ml,14,170229
backend,2,92087
backend,8,100525
frontend,7,88982
business,10,148626
ml,20,215577
education,10,77916
devops,9,158553
ml,10,159039
devops,10,148532
business,0,73643
education,18,98390
healthcare,18,154320
frontend,4,83948
education,11,86765
design,4,85828
fullstack,7,130625
business,13,159037
fullstack,3,105556
education,9,84760
backend,12,116870
education,0,56460
healthcare,20,133711
devops,8,125129
backend,1,72247
backend,9,106748
ml,19,213069
education,15,92398
education,10,93990
education,10,85824
healthcare,6,109628
business,12,160454
business,3,106740
design,8,101124
backend,6,98224
ml,19,210307
backend,10,113032
business,5,99233
design,17,117489
fullstack,13,165434
fullstack,13,139552
frontend,4,97756
data,14,140951
backend,7,103682
ml,14,202637
education,7,75645
business,14,149283
design,7,85380
fullstack,9,136299
ml,17,189445
backend,16,150537
frontend,11,126633
healthcare,10,106142
fullstack,17,172262
data,8,144025
frontend,7,99436
data,18,164746
healthcare,13,125454
frontend,2,77369
design,5,76346
ml,18,220215
education,3,73616
education,1,67964
design,13,125754
design,7,77720
data,15,151826
devops,15,164447
healthcare,14,118552
ml,5,133811
healthcare,10,128861
fullstack,3,101279
design,1,64925
healthcare,19,168794
healthcare,9,125848
data,18,186680
ml,0,87825
devops,16,177963
business,5,124841
backend,13,133249
frontend,16,131508
backend,14,126570
education,20,110772
business,1,102069
education,16,103240
devops,18,205631
frontend,13,124443
business,7,123565
fullstack,0,86832
fullstack,2,84616
business,2,100115
devops,12,174322
devops,2,90524
devops,4,105620
devops,12,155048
design,12,104302
design,7,94708
business,6,120426
backend,3,99342
business,1,90032
backend,18,172619
backend,5,93609
business,8,122953
devops,4,96980
backend,4,94540
business,4,95549
devops,2,113096
data,20,189994
healthcare,15,138835
data,11,134920
education,2,69596
education,9,80535
data,1,93286
business,18,164621
data,0,92946
healthcare,1,67926
design,13,117604
devops,6,141026
business,1,95205
healthcare,2,83754
ml,13,186102
design,12,100987
backend,10,104780
ml,11,179219
data,1,93756
healthcare,2,81478
healthcare,18,133801
healthcare,1,85645
business,6,119748
frontend,19,162235
devops,3,116169
design,4,85691
devops,20,189902
data,17,186925
healthcare,10,111568
ml,13,178411
ml,16,226829
education,1,56210
ml,15,224400
business,19,199524
frontend,4,80833
design,14,123100
backend,16,168951
education,13,86997
backend,16,147091
data,17,183234
fullstack,11,143270
healthcare,11,119658
frontend,20,133807
healthcare,12,115328
business,8,123473
business,17,160829
education,20,109019
fullstack,2,99921
backend,15,154316
frontend,5,98990
fullstack,9,107582
education,2,56821
frontend,8,109167
education,0,68807
devops,17,178457
data,10,150067
healthcare,1,86011
devops,3,102258
education,14,93721
devops,8,127867
education,17,110362
healthcare,17,126528
backend,10,133378
business,3,94418
education,2,63108
fullstack,1,87507
fullstack,6,107354
backend,1,68482
backend,11,122910
business,0,78172
frontend,17,148548
backend,18,144405
healthcare,10,117364
business,16,161924
fullstack,3,85631
fullstack,13,124275
education,15,96823
ml,13,202418
education,6,67661
ml,10,172977
ml,17,202180
ml,20,249026
fullstack,12,122918
education,14,116317
backend,9,101969
data,15,178300
frontend,20,169179
fullstack,0,77485
business,13,170596
design,5,84883
ml,17,241494
healthcare,6,89275
healthcare,14,138795
ml,10,156672
fullstack,1,92212
business,19,160215
design,13,103313
frontend,17,143133
devops,20,223069
healthcare,0,70378
design,11,88660
business,1,93538
frontend,16,114831
frontend,15,146548
fullstack,13,149130
fullstack,9,120559
backend,18,152354
data,17,193465
data,12,131899
education,7,83885
frontend,5,79384
frontend,9,90193
healthcare,20,167768
devops,8,155464
data,4,99890
devops,16,174153
business,0,79116
devops,1,93261
frontend,18,127004
data,16,194583
frontend,20,156858
design,7,84063
design,0,72529
ml,6,125901
backend,6,107644
business,20,168731
ml,3,125764
ml,11,151447
education,14,92043
ml,5,121902
ml,15,229710
backend,17,153378
design,2,82205
design,7,82632
data,4,106550
business,6,124383
frontend,14,117807
data,20,185263
education,16,119588
backend,2,75238
